permit_type,ward,issue_year,expected_end_year,ward_population,ward_avg_income,ward_minority_percentage,id
construction,3,2024,2024,139920,71100,34.788,1
continuous pour and/or large crane,10,2024,2024,135400,78400,51.994,2
amplified sound,10,2024,2024,135400,78400,51.994,3
amplified sound,14,2024,2024,104555,70800,34.255,4
amplified sound,19,2024,2024,108500,69500,36.152,5
continuous pour and/or large crane,12,2024,2024,114095,96000,34.993,6
amplified sound,13,2024,2024,116930,59750,57.423,7
continuous pour and/or large crane,13,2024,2024,116930,59750,57.423,8
continuous pour and/or large crane,11,2024,2024,102385,103900,37.549,9
construction,11,2024,2024,102385,103900,37.549,10
construction,10,2024,2024,135400,78400,51.994,11
continuous pour and/or large crane,4,2024,2024,104715,72800,29.074,12
construction,1,2023,2025,115120,39760,78.292,13
amplified sound,19,2024,2024,108500,69500,36.152,14
construction,12,2024,2024,114095,96000,34.993,15
amplified sound,10,2024,2024,135400,78400,51.994,16
construction,11,2024,2024,102385,103900,37.549,17
amplified sound,13,2024,2024,116930,59750,57.423,18
construction,12,2024,2024,114095,96000,34.993,19
continuous pour and/or large crane,13,2019,2024,116930,59750,57.423,20
amplified sound,10,2024,2024,135400,78400,51.994,21
continuous pour and/or large crane,10,2024,2024,135400,78400,51.994,22
amplified sound,7,2024,2024,111200,37240,78.215,23
amplified sound,4,2024,2024,104715,72800,29.074,24
construction,10,2024,2024,135400,78400,51.994,25
amplified sound,13,2024,2024,116930,59750,57.423,26
continuous pour and/or large crane,16,2024,2024,94335,50680,63.1,27
amplified sound,6,2024,2024,107355,50440,52.541,28
amplified sound,7,2024,2024,111200,37240,78.215,29
continuous pour and/or large crane,12,2024,2024,114095,96000,34.993,30
construction,11,2024,2024,102385,103900,37.549,31
other sound,10,2024,2024,135400,78400,51.994,32
amplified sound,11,2024,2024,102385,103900,37.549,33
construction,16,2024,2024,94335,50680,63.1,34
amplified sound,2,2024,2024,117200,69200,31.749,35
continuous pour and/or large crane,12,2024,2024,114095,96000,34.993,36
amplified sound,10,2024,2024,135400,78400,51.994,37
construction,9,2024,2024,104730,55550,33.625,38
continuous pour and/or large crane,13,2024,2024,116930,59750,57.423,39
amplified sound,15,2024,2024,101025,113600,46.934,40
amplified sound,10,2024,2024,135400,78400,51.994,41
construction,10,2024,2024,135400,78400,51.994,42
continuous pour and/or large crane,13,2024,2024,116930,59750,57.423,43
continuous pour and/or large crane,2,2024,2024,117200,69200,31.749,44
continuous pour and/or large crane,16,2024,2024,94335,50680,63.1,45
continuous pour and/or large crane,10,2024,2024,135400,78400,51.994,46
amplified sound,19,2024,2024,108500,69500,36.152,47
construction,12,2024,2024,114095,96000,34.993,48
construction,13,2024,2024,116930,59750,57.423,49
construction,9,2024,2024,104730,55550,33.625,50
amplified sound,11,2024,2024,102385,103900,37.549,51
continuous pour and/or large crane,10,2024,2024,135400,78400,51.994,52
continuous pour and/or large crane,9,2024,2024,104730,55550,33.625,53
continuous pour and/or large crane,19,2024,2024,108500,69500,36.152,54
amplified sound,10,2024,2024,135400,78400,51.994,55
construction,10,2024,2025,135400,78400,51.994,56
continuous pour and/or large crane,18,2024,2024,117130,55050,71.041,57
amplified sound,8,2024,2024,114820,88500,36.81,58
construction,15,2024,2024,101025,113600,46.934,59
construction,2,2024,2024,117200,69200,31.749,60
continuous pour and/or large crane,2,2024,2024,117200,69200,31.749,61
continuous pour and/or large crane,10,2024,2024,135400,78400,51.994,62
amplified sound,10,2024,2024,135400,78400,51.994,63
amplified sound,10,2024,2024,135400,78400,51.994,64
continuous pour and/or large crane,5,2024,2024,115675,43360,58.025,65
construction,18,2024,2024,117130,55050,71.041,66
continuous pour and/or large crane,18,2024,2024,117130,55050,71.041,67
amplified sound,4,2024,2024,104715,72800,29.074,68
construction,18,2024,2024,117130,55050,71.041,69
continuous pour and/or large crane,12,2024,2024,114095,96000,34.993,70
construction,6,2024,2024,107355,50440,52.541,71
continuous pour and/or large crane,6,2024,2024,107355,50440,52.541,72
amplified sound,10,2024,2024,135400,78400,51.994,73
amplified sound,19,2024,2024,108500,69500,36.152,74
construction,11,2024,2024,102385,103900,37.549,75
continuous pour and/or large crane,13,2024,2024,116930,59750,57.423,76
amplified sound,14,2024,2024,104555,70800,34.255,77
amplified sound,10,2024,2024,135400,78400,51.994,78
continuous pour and/or large crane,13,2024,2024,116930,59750,57.423,79
amplified sound,4,2024,2024,104715,72800,29.074,80
amplified sound,19,2024,2024,108500,69500,36.152,81
amplified sound,1,2024,2024,115120,39760,78.292,82
amplified sound,4,2024,2024,104715,72800,29.074,83
amplified sound,10,2024,2024,135400,78400,51.994,84
amplified sound,19,2024,2024,108500,69500,36.152,85
construction,4,2024,2024,104715,72800,29.074,86
amplified sound,10,2024,2024,135400,78400,51.994,87
construction,11,2024,2024,102385,103900,37.549,88
continuous pour and/or large crane,16,2024,2024,94335,50680,63.1,89
continuous pour and/or large crane,11,2024,2024,102385,103900,37.549,90
amplified sound,10,2024,2024,135400,78400,51.994,91
amplified sound,14,2024,2024,104555,70800,34.255,92
amplified sound,14,2024,2024,104555,70800,34.255,93
amplified sound,19,2024,2024,108500,69500,36.152,94
amplified sound,9,2024,2024,104730,55550,33.625,95
amplified sound,10,2024,2024,135400,78400,51.994,96
continuous pour and/or large crane,15,2024,2024,101025,113600,46.934,97
construction,13,2024,2024,116930,59750,57.423,98
construction,17,2024,2024,112590,50880,74.492,99
amplified sound,13,2024,2024,116930,59750,57.423,100
construction,15,2024,2024,101025,113600,46.934,101
amplified sound,24,2024,2024,102755,41760,76.42,102
amplified sound,18,2024,2024,117130,55050,71.041,103
continuous pour and/or large crane,12,2024,2024,114095,96000,34.993,104
amplified sound,10,2024,2024,135400,78400,51.994,105
continuous pour and/or large crane,13,2024,2024,116930,59750,57.423,106
amplified sound,19,2024,2024,108500,69500,36.152,107
continuous pour and/or large crane,12,2024,2024,114095,96000,34.993,108
construction,12,2024,2024,114095,96000,34.993,109
continuous pour and/or large crane,10,2024,2024,135400,78400,51.994,110
amplified sound,4,2024,2024,104715,72800,29.074,111
amplified sound,19,2024,2024,108500,69500,36.152,112
amplified sound,15,2024,2024,101025,113600,46.934,113
continuous pour and/or large crane,13,2024,2024,116930,59750,57.423,114
amplified sound,13,2024,2024,116930,59750,57.423,115
amplified sound,3,2024,2024,139920,71100,34.788,116
amplified sound,19,2024,2024,108500,69500,36.152,117
continuous pour and/or large crane,18,2024,2024,117130,55050,71.041,118
amplified sound,19,2024,2024,108500,69500,36.152,119
amplified sound,24,2024,2024,102755,41760,76.42,120
amplified sound,11,2024,2024,102385,103900,37.549,121
continuous pour and/or large crane,13,2024,2024,116930,59750,57.423,122
amplified sound,10,2024,2024,135400,78400,51.994,123
construction,18,2024,2024,117130,55050,71.041,124
amplified sound,10,2024,2024,135400,78400,51.994,125
amplified sound,10,2024,2024,135400,78400,51.994,126
continuous pour and/or large crane,8,2024,2024,114820,88500,36.81,127
amplified sound,9,2024,2024,104730,55550,33.625,128
continuous pour and/or large crane,20,2024,2024,110095,49160,61.361,129
construction,21,2024,2024,111560,41560,74.422,130
amplified sound,3,2024,2024,139920,71100,34.788,131
amplified sound,12,2024,2024,114095,96000,34.993,132
continuous pour and/or large crane,12,2024,2024,114095,96000,34.993,133
construction,11,2024,2024,102385,103900,37.549,134
continuous pour and/or large crane,10,2024,2024,135400,78400,51.994,135
amplified sound,11,2024,2024,102385,103900,37.549,136
amplified sound,13,2024,2024,116930,59750,57.423,137
amplified sound,11,2024,2024,102385,103900,37.549,138
continuous pour and/or large crane,14,2024,2024,104555,70800,34.255,139
construction,8,2024,2024,114820,88500,36.81,140
amplified sound,4,2024,2024,104715,72800,29.074,141
construction,10,2024,2024,135400,78400,51.994,142
continuous pour and/or large crane,12,2024,2024,114095,96000,34.993,143
amplified sound,19,2024,2024,108500,69500,36.152,144
construction,19,2024,2024,108500,69500,36.152,145
amplified sound,10,2024,2024,135400,78400,51.994,146
construction,11,2024,2024,102385,103900,37.549,147
amplified sound,19,2024,2024,108500,69500,36.152,148
amplified sound,18,2024,2024,117130,55050,71.041,149
amplified sound,19,2024,2024,108500,69500,36.152,150
amplified sound,10,2024,2024,135400,78400,51.994,151
amplified sound,13,2024,2024,116930,59750,57.423,152
amplified sound,15,2024,2024,101025,113600,46.934,153
continuous pour and/or large crane,1,2024,2024,115120,39760,78.292,154
amplified sound,2,2024,2024,117200,69200,31.749,155
amplified sound,19,2024,2024,108500,69500,36.152,156
continuous pour and/or large crane,10,2024,2024,135400,78400,51.994,157
continuous pour and/or large crane,19,2024,2024,108500,69500,36.152,158
continuous pour and/or large crane,11,2024,2024,102385,103900,37.549,159
amplified sound,11,2024,2024,102385,103900,37.549,160
amplified sound,21,2024,2024,111560,41560,74.422,161
amplified sound,4,2024,2024,104715,72800,29.074,162
continuous pour and/or large crane,14,2024,2024,104555,70800,34.255,163
amplified sound,10,2024,2024,135400,78400,51.994,164
amplified sound,11,2024,2024,102385,103900,37.549,165
amplified sound,11,2024,2024,102385,103900,37.549,166
continuous pour and/or large crane,11,2024,2024,102385,103900,37.549,167
continuous pour and/or large crane,11,2024,2024,102385,103900,37.549,168
amplified sound,11,2024,2024,102385,103900,37.549,169
amplified sound,11,2024,2024,102385,103900,37.549,170
construction,9,2024,2024,104730,55550,33.625,171
amplified sound,6,2024,2024,107355,50440,52.541,172
amplified sound,13,2024,2024,116930,59750,57.423,173
amplified sound,11,2024,2024,102385,103900,37.549,174
construction,11,2024,2024,102385,103900,37.549,175
construction,11,2024,2024,102385,103900,37.549,176
continuous pour and/or large crane,18,2024,2024,117130,55050,71.041,177
amplified sound,13,2024,2024,116930,59750,57.423,178
continuous pour and/or large crane,18,2024,2024,117130,55050,71.041,179
amplified sound,11,2024,2024,102385,103900,37.549,180
amplified sound,4,2024,2024,104715,72800,29.074,181
amplified sound,11,2024,2024,102385,103900,37.549,182
amplified sound,13,2024,2024,116930,59750,57.423,183
amplified sound,15,2024,2024,101025,113600,46.934,184
construction,15,2024,2024,101025,113600,46.934,185
amplified sound,17,2024,2024,112590,50880,74.492,186
amplified sound,12,2024,2024,114095,96000,34.993,187
amplified sound,24,2024,2024,102755,41760,76.42,188
amplified sound,10,2024,2024,135400,78400,51.994,189
continuous pour and/or large crane,11,2024,2024,102385,103900,37.549,190
amplified sound,10,2024,2024,135400,78400,51.994,191
amplified sound,10,2024,2024,135400,78400,51.994,192
amplified sound,13,2024,2024,116930,59750,57.423,193
continuous pour and/or large crane,11,2024,2024,102385,103900,37.549,194
amplified sound,20,2024,2024,110095,49160,61.361,195
amplified sound,12,2024,2024,114095,96000,34.993,196
continuous pour and/or large crane,11,2024,2024,102385,103900,37.549,197
construction,10,2024,2024,135400,78400,51.994,198
amplified sound,10,2024,2024,135400,78400,51.994,199
amplified sound,16,2024,2024,94335,50680,63.1,200
amplified sound,10,2024,2024,135400,78400,51.994,201
construction,3,2024,2024,139920,71100,34.788,202
amplified sound,19,2024,2024,108500,69500,36.152,203
amplified sound,5,2024,2024,115675,43360,58.025,204
amplified sound,15,2024,2024,101025,113600,46.934,205
continuous pour and/or large crane,18,2024,2024,117130,55050,71.041,206
continuous pour and/or large crane,8,2024,2024,114820,88500,36.81,207
amplified sound,15,2024,2024,101025,113600,46.934,208
amplified sound,12,2024,2024,114095,96000,34.993,209
construction,11,2024,2024,102385,103900,37.549,210
amplified sound,10,2024,2024,135400,78400,51.994,211
continuous pour and/or large crane,11,2024,2024,102385,103900,37.549,212
amplified sound,2,2024,2024,117200,69200,31.749,213
continuous pour and/or large crane,15,2024,2024,101025,113600,46.934,214
amplified sound,15,2024,2024,101025,113600,46.934,215
amplified sound,13,2024,2024,116930,59750,57.423,216
amplified sound,10,2024,2024,135400,78400,51.994,217
construction,18,2024,2024,117130,55050,71.041,218
continuous pour and/or large crane,3,2024,2024,139920,71100,34.788,219
construction,9,2024,2024,104730,55550,33.625,220
amplified sound,10,2024,2024,135400,78400,51.994,221
continuous pour and/or large crane,10,2024,2024,135400,78400,51.994,222
amplified sound,16,2024,2024,94335,50680,63.1,223
continuous pour and/or large crane,14,2024,2024,104555,70800,34.255,224
amplified sound,23,2024,2024,94025,38560,92.183,225
construction,11,2024,2024,102385,103900,37.549,226
continuous pour and/or large crane,25,2024,2024,101485,47840,75.632,227
construction,15,2024,2024,101025,113600,46.934,228
continuous pour and/or large crane,15,2024,2024,101025,113600,46.934,229
amplified sound,19,2024,2024,108500,69500,36.152,230
continuous pour and/or large crane,11,2024,2024,102385,103900,37.549,231
amplified sound,14,2024,2024,104555,70800,34.255,232
amplified sound,5,2024,2024,115675,43360,58.025,233
construction,12,2024,2024,114095,96000,34.993,234
continuous pour and/or large crane,13,2024,2024,116930,59750,57.423,235
amplified sound,14,2024,2024,104555,70800,34.255,236
construction,13,2024,2024,116930,59750,57.423,237
amplified sound,12,2024,2024,114095,96000,34.993,238
amplified sound,19,2024,2024,108500,69500,36.152,239
continuous pour and/or large crane,4,2024,2024,104715,72800,29.074,240
continuous pour and/or large crane,10,2024,2024,135400,78400,51.994,241
amplified sound,2,2024,2024,117200,69200,31.749,242
amplified sound,17,2024,2024,112590,50880,74.492,243
continuous pour and/or large crane,13,2024,2024,116930,59750,57.423,244
construction,11,2024,2024,102385,103900,37.549,245
amplified sound,15,2024,2024,101025,113600,46.934,246
amplified sound,10,2024,2024,135400,78400,51.994,247
amplified sound,13,2024,2024,116930,59750,57.423,248
amplified sound,10,2024,2024,135400,78400,51.994,249
amplified sound,12,2024,2024,114095,96000,34.993,250
continuous pour and/or large crane,13,2024,2024,116930,59750,57.423,251
construction,12,2024,2024,114095,96000,34.993,252
amplified sound,21,2024,2024,111560,41560,74.422,253
amplified sound,3,2024,2024,139920,71100,34.788,254
continuous pour and/or large crane,8,2024,2024,114820,88500,36.81,255
amplified sound,14,2024,2024,104555,70800,34.255,256
construction,11,2024,2024,102385,103900,37.549,257
amplified sound,15,2024,2024,101025,113600,46.934,258
amplified sound,23,2024,2024,94025,38560,92.183,259
amplified sound,15,2024,2024,101025,113600,46.934,260
amplified sound,13,2024,2024,116930,59750,57.423,261
amplified sound,19,2024,2024,108500,69500,36.152,262
amplified sound,13,2024,2024,116930,59750,57.423,263
amplified sound,10,2024,2024,135400,78400,51.994,264
amplified sound,9,2024,2024,104730,55550,33.625,265
amplified sound,19,2024,2024,108500,69500,36.152,266
amplified sound,19,2024,2024,108500,69500,36.152,267
amplified sound,10,2024,2024,135400,78400,51.994,268
amplified sound,10,2024,2024,135400,78400,51.994,269
construction,12,2024,2024,114095,96000,34.993,270
amplified sound,13,2024,2024,116930,59750,57.423,271
amplified sound,14,2024,2024,104555,70800,34.255,272
continuous pour and/or large crane,11,2024,2024,102385,103900,37.549,273
construction,12,2024,2024,114095,96000,34.993,274
amplified sound,11,2024,2024,102385,103900,37.549,275
amplified sound,10,2024,2024,135400,78400,51.994,276
continuous pour and/or large crane,14,2024,2024,104555,70800,34.255,277
amplified sound,10,2024,2024,135400,78400,51.994,278
amplified sound,25,2024,2024,101485,47840,75.632,279
amplified sound,11,2024,2024,102385,103900,37.549,280
amplified sound,10,2024,2024,135400,78400,51.994,281
amplified sound,10,2024,2024,135400,78400,51.994,282
amplified sound,10,2024,2024,135400,78400,51.994,283
amplified sound,13,2024,2024,116930,59750,57.423,284
amplified sound,24,2024,2024,102755,41760,76.42,285
amplified sound,8,2024,2024,114820,88500,36.81,286
construction,2,2024,2024,117200,69200,31.749,287
amplified sound,11,2024,2024,102385,103900,37.549,288
construction,12,2024,2024,114095,96000,34.993,289
construction,18,2024,2024,117130,55050,71.041,290
amplified sound,10,2024,2024,135400,78400,51.994,291
amplified sound,13,2024,2024,116930,59750,57.423,292
amplified sound,13,2024,2024,116930,59750,57.423,293
amplified sound,13,2024,2024,116930,59750,57.423,294
continuous pour and/or large crane,8,2024,2024,114820,88500,36.81,295
amplified sound,10,2024,2024,135400,78400,51.994,296
continuous pour and/or large crane,10,2024,2024,135400,78400,51.994,297
amplified sound,21,2024,2024,111560,41560,74.422,298
construction,8,2024,2024,114820,88500,36.81,299
amplified sound,19,2024,2024,108500,69500,36.152,300
amplified sound,18,2024,2024,117130,55050,71.041,301
amplified sound,10,2024,2024,135400,78400,51.994,302
amplified sound,14,2024,2024,104555,70800,34.255,303
construction,10,2024,2024,135400,78400,51.994,304
amplified sound,4,2024,2024,104715,72800,29.074,305
amplified sound,10,2024,2024,135400,78400,51.994,306
construction,11,2024,2024,102385,103900,37.549,307
construction,22,2024,2024,103690,41560,82.313,308
construction,10,2024,2024,135400,78400,51.994,309
continuous pour and/or large crane,10,2024,2024,135400,78400,51.994,310
amplified sound,13,2024,2024,116930,59750,57.423,311
amplified sound,1,2024,2024,115120,39760,78.292,312
amplified sound,11,2024,2024,102385,103900,37.549,313
construction,13,2024,2024,116930,59750,57.423,314
amplified sound,10,2024,2024,135400,78400,51.994,315
amplified sound,13,2024,2024,116930,59750,57.423,316
amplified sound,15,2024,2024,101025,113600,46.934,317
amplified sound,19,2024,2024,108500,69500,36.152,318
amplified sound,23,2024,2024,94025,38560,92.183,319
amplified sound,11,2024,2024,102385,103900,37.549,320
amplified sound,13,2024,2024,116930,59750,57.423,321
amplified sound,18,2024,2024,117130,55050,71.041,322
amplified sound,12,2024,2024,114095,96000,34.993,323
continuous pour and/or large crane,10,2024,2024,135400,78400,51.994,324
amplified sound,10,2024,2024,135400,78400,51.994,325
amplified sound,15,2024,2024,101025,113600,46.934,326
amplified sound,6,2024,2024,107355,50440,52.541,327
amplified sound,10,2024,2024,135400,78400,51.994,328
continuous pour and/or large crane,13,2024,2024,116930,59750,57.423,329
amplified sound,10,2024,2024,135400,78400,51.994,330
construction,17,2024,2024,112590,50880,74.492,331
amplified sound,14,2024,2024,104555,70800,34.255,332
amplified sound,10,2024,2024,135400,78400,51.994,333
amplified sound,8,2024,2024,114820,88500,36.81,334
amplified sound,10,2024,2024,135400,78400,51.994,335
amplified sound,10,2024,2024,135400,78400,51.994,336
amplified sound,24,2024,2024,102755,41760,76.42,337
continuous pour and/or large crane,18,2024,2024,117130,55050,71.041,338
amplified sound,11,2024,2024,102385,103900,37.549,339
continuous pour and/or large crane,11,2024,2024,102385,103900,37.549,340
amplified sound,21,2024,2024,111560,41560,74.422,341
amplified sound,13,2024,2024,116930,59750,57.423,342
amplified sound,4,2024,2024,104715,72800,29.074,343
amplified sound,24,2024,2024,102755,41760,76.42,344
continuous pour and/or large crane,12,2024,2024,114095,96000,34.993,345
amplified sound,14,2024,2024,104555,70800,34.255,346
continuous pour,12,2024,2024,114095,96000,34.993,347
continuous pour and/or large crane,9,2024,2024,104730,55550,33.625,348
continuous pour and/or large crane,15,2024,2024,101025,113600,46.934,349
amplified sound,19,2024,2024,108500,69500,36.152,350
amplified sound,14,2024,2024,104555,70800,34.255,351
continuous pour and/or large crane,9,2024,2024,104730,55550,33.625,352
amplified sound,11,2024,2024,102385,103900,37.549,353
construction,9,2024,2024,104730,55550,33.625,354
continuous pour and/or large crane,22,2024,2024,103690,41560,82.313,355
amplified sound,15,2024,2024,101025,113600,46.934,356
continuous pour and/or large crane,13,2024,2024,116930,59750,57.423,357
amplified sound,21,2024,2024,111560,41560,74.422,358
amplified sound,16,2024,2024,94335,50680,63.1,359
construction,12,2024,2024,114095,96000,34.993,360
amplified sound,4,2024,2024,104715,72800,29.074,361
amplified sound,23,2024,2024,94025,38560,92.183,362
amplified sound,13,2024,2024,116930,59750,57.423,363
amplified sound,8,2024,2024,114820,88500,36.81,364
amplified sound,3,2024,2024,139920,71100,34.788,365
amplified sound,15,2024,2024,101025,113600,46.934,366
amplified sound,4,2024,2024,104715,72800,29.074,367
amplified sound,10,2024,2024,135400,78400,51.994,368
amplified sound,12,2024,2024,114095,96000,34.993,369
construction,13,2024,2024,116930,59750,57.423,370
amplified sound,12,2024,2024,114095,96000,34.993,371
continuous pour and/or large crane,11,2024,2024,102385,103900,37.549,372
construction,19,2024,2024,108500,69500,36.152,373
amplified sound,4,2024,2024,104715,72800,29.074,374
amplified sound,11,2024,2024,102385,103900,37.549,375
amplified sound,1,2024,2024,115120,39760,78.292,376
construction,11,2024,2024,102385,103900,37.549,377
amplified sound,11,2024,2024,102385,103900,37.549,378
amplified sound,6,2024,2024,107355,50440,52.541,379
amplified sound,16,2024,2024,94335,50680,63.1,380
amplified sound,19,2024,2024,108500,69500,36.152,381
amplified sound,13,2024,2024,116930,59750,57.423,382
amplified sound,11,2024,2024,102385,103900,37.549,383
amplified sound,10,2024,2024,135400,78400,51.994,384
amplified sound,10,2024,2024,135400,78400,51.994,385
amplified sound,10,2024,2024,135400,78400,51.994,386
continuous pour and/or large crane,13,2024,2024,116930,59750,57.423,387
amplified sound,15,2024,2024,101025,113600,46.934,388
amplified sound,25,2024,2024,101485,47840,75.632,389
continuous pour and/or large crane,15,2024,2024,101025,113600,46.934,390
amplified sound,15,2024,2024,101025,113600,46.934,391
amplified sound,10,2024,2024,135400,78400,51.994,392
construction,8,2024,2025,114820,88500,36.81,393
amplified sound,10,2024,2024,135400,78400,51.994,394
amplified sound,10,2024,2024,135400,78400,51.994,395
amplified sound,12,2024,2024,114095,96000,34.993,396
amplified sound,19,2024,2024,108500,69500,36.152,397
amplified sound,15,2024,2024,101025,113600,46.934,398
construction,18,2024,2024,117130,55050,71.041,399
construction,12,2024,2024,114095,96000,34.993,400
amplified sound,9,2024,2024,104730,55550,33.625,401
continuous pour and/or large crane,23,2024,2024,94025,38560,92.183,402
construction,15,2024,2024,101025,113600,46.934,403
amplified sound,10,2024,2024,135400,78400,51.994,404
amplified sound,11,2024,2024,102385,103900,37.549,405
amplified sound,5,2024,2024,115675,43360,58.025,406
amplified sound,19,2024,2024,108500,69500,36.152,407
amplified sound,9,2024,2024,104730,55550,33.625,408
amplified sound,6,2024,2024,107355,50440,52.541,409
amplified sound,4,2024,2024,104715,72800,29.074,410
amplified sound,10,2024,2024,135400,78400,51.994,411
amplified sound,2,2024,2024,117200,69200,31.749,412
amplified sound,11,2024,2024,102385,103900,37.549,413
amplified sound,11,2024,2024,102385,103900,37.549,414
amplified sound,10,2024,2024,135400,78400,51.994,415
amplified sound,10,2024,2024,135400,78400,51.994,416
amplified sound,10,2024,2024,135400,78400,51.994,417
continuous pour and/or large crane,21,2024,2024,111560,41560,74.422,418
amplified sound,1,2024,2024,115120,39760,78.292,419
amplified sound,24,2024,2024,102755,41760,76.42,420
amplified sound,24,2024,2024,102755,41760,76.42,421
continuous pour and/or large crane,11,2024,2024,102385,103900,37.549,422
amplified sound,3,2024,2024,139920,71100,34.788,423
amplified sound,10,2024,2024,135400,78400,51.994,424
amplified sound,11,2024,2024,102385,103900,37.549,425
amplified sound,5,2024,2024,115675,43360,58.025,426
continuous pour and/or large crane,5,2024,2024,115675,43360,58.025,427
construction,20,2024,2024,110095,49160,61.361,428
construction,10,2024,2024,135400,78400,51.994,429
construction,10,2024,2024,135400,78400,51.994,430
amplified sound,11,2024,2024,102385,103900,37.549,431
amplified sound,5,2024,2024,115675,43360,58.025,432
amplified sound,10,2024,2024,135400,78400,51.994,433
amplified sound,4,2024,2024,104715,72800,29.074,434
amplified sound,7,2024,2024,111200,37240,78.215,435
construction,3,2024,2024,139920,71100,34.788,436
amplified sound,9,2024,2024,104730,55550,33.625,437
amplified sound,10,2024,2024,135400,78400,51.994,438
amplified sound,15,2024,2024,101025,113600,46.934,439
amplified sound,18,2024,2024,117130,55050,71.041,440
amplified sound,21,2024,2024,111560,41560,74.422,441
amplified sound,15,2024,2024,101025,113600,46.934,442
amplified sound,9,2024,2024,104730,55550,33.625,443
amplified sound,13,2024,2024,116930,59750,57.423,444
amplified sound,11,2024,2024,102385,103900,37.549,445
amplified sound,4,2024,2024,104715,72800,29.074,446
amplified sound,10,2024,2024,135400,78400,51.994,447
amplified sound,18,2024,2024,117130,55050,71.041,448
amplified sound,21,2024,2024,111560,41560,74.422,449
amplified sound,10,2024,2024,135400,78400,51.994,450
amplified sound,10,2024,2024,135400,78400,51.994,451
amplified sound,10,2024,2024,135400,78400,51.994,452
amplified sound,24,2024,2024,102755,41760,76.42,453
amplified sound,19,2024,2024,108500,69500,36.152,454
amplified sound,12,2024,2024,114095,96000,34.993,455
amplified sound,17,2024,2024,112590,50880,74.492,456
amplified sound,8,2024,2024,114820,88500,36.81,457
amplified sound,14,2024,2024,104555,70800,34.255,458
amplified sound,23,2024,2024,94025,38560,92.183,459
amplified sound,24,2024,2024,102755,41760,76.42,460
amplified sound,1,2024,2024,115120,39760,78.292,461
amplified sound,10,2024,2024,135400,78400,51.994,462
amplified sound,10,2024,2024,135400,78400,51.994,463
continuous pour and/or large crane,10,2024,2024,135400,78400,51.994,464
amplified sound,7,2024,2024,111200,37240,78.215,465
construction,10,2024,2024,135400,78400,51.994,466
amplified sound,21,2024,2024,111560,41560,74.422,467
construction,11,2024,2024,102385,103900,37.549,468
continuous pour and/or large crane,13,2024,2024,116930,59750,57.423,469
amplified sound,13,2024,2024,116930,59750,57.423,470
amplified sound,19,2024,2024,108500,69500,36.152,471
continuous pour and/or large crane,10,2024,2024,135400,78400,51.994,472
amplified sound,19,2024,2024,108500,69500,36.152,473
amplified sound,18,2024,2024,117130,55050,71.041,474
amplified sound,13,2024,2024,116930,59750,57.423,475
construction,10,2024,2024,135400,78400,51.994,476
amplified sound,6,2024,2024,107355,50440,52.541,477
amplified sound,7,2024,2024,111200,37240,78.215,478
amplified sound,18,2024,2024,117130,55050,71.041,479
amplified sound,10,2024,2024,135400,78400,51.994,480
amplified sound,7,2024,2024,111200,37240,78.215,481
construction,22,2024,2024,103690,41560,82.313,482
continuous pour and/or large crane,18,2024,2024,117130,55050,71.041,483
continuous pour and/or large crane,8,2024,2024,114820,88500,36.81,484
amplified sound,9,2024,2024,104730,55550,33.625,485
amplified sound,14,2024,2024,104555,70800,34.255,486
construction,12,2024,2024,114095,96000,34.993,487
continuous pour and/or large crane,22,2024,2024,103690,41560,82.313,488
construction,11,2024,2024,102385,103900,37.549,489
amplified sound,21,2024,2024,111560,41560,74.422,490
amplified sound,5,2024,2024,115675,43360,58.025,491
amplified sound,18,2024,2024,117130,55050,71.041,492
amplified sound,10,2024,2024,135400,78400,51.994,493
amplified sound,22,2024,2024,103690,41560,82.313,494
amplified sound,7,2024,2024,111200,37240,78.215,495
amplified sound,7,2024,2024,111200,37240,78.215,496
continuous pour and/or large crane,11,2024,2024,102385,103900,37.549,497
amplified sound,23,2024,2024,94025,38560,92.183,498
amplified sound,13,2024,2024,116930,59750,57.423,499
amplified sound,10,2024,2024,135400,78400,51.994,500
continuous pour and/or large crane,18,2024,2024,117130,55050,71.041,501
construction,19,2024,2024,108500,69500,36.152,502
amplified sound,17,2024,2024,112590,50880,74.492,503
amplified sound,4,2024,2024,104715,72800,29.074,504
continuous pour and/or large crane,19,2024,2024,108500,69500,36.152,505
construction,10,2024,2025,135400,78400,51.994,506
amplified sound,13,2024,2024,116930,59750,57.423,507
amplified sound,1,2024,2024,115120,39760,78.292,508
amplified sound,23,2024,2024,94025,38560,92.183,509
construction,8,2024,2024,114820,88500,36.81,510
continuous pour and/or large crane,13,2024,2024,116930,59750,57.423,511
amplified sound,21,2024,2024,111560,41560,74.422,512
amplified sound,10,2024,2024,135400,78400,51.994,513
construction,18,2024,2024,117130,55050,71.041,514
construction,3,2024,2025,139920,71100,34.788,515
amplified sound,3,2024,2024,139920,71100,34.788,516
amplified sound,7,2024,2024,111200,37240,78.215,517
amplified sound,19,2024,2024,108500,69500,36.152,518
amplified sound,19,2024,2024,108500,69500,36.152,519
amplified sound,16,2024,2024,94335,50680,63.1,520
amplified sound,13,2024,2024,116930,59750,57.423,521
amplified sound,7,2024,2024,111200,37240,78.215,522
construction,15,2024,2024,101025,113600,46.934,523
continuous pour and/or large crane,18,2024,2024,117130,55050,71.041,524
amplified sound,21,2024,2024,111560,41560,74.422,525
amplified sound,10,2024,2024,135400,78400,51.994,526
amplified sound,21,2024,2024,111560,41560,74.422,527
construction,10,2024,2024,135400,78400,51.994,528
amplified sound,7,2024,2024,111200,37240,78.215,529
amplified sound,15,2024,2024,101025,113600,46.934,530
amplified sound,10,2024,2024,135400,78400,51.994,531
amplified sound,10,2024,2024,135400,78400,51.994,532
amplified sound,10,2024,2024,135400,78400,51.994,533
amplified sound,6,2024,2024,107355,50440,52.541,534
construction,4,2024,2024,104715,72800,29.074,535
amplified sound,11,2024,2024,102385,103900,37.549,536
amplified sound,24,2024,2024,102755,41760,76.42,537
amplified sound,21,2024,2024,111560,41560,74.422,538
amplified sound,16,2024,2024,94335,50680,63.1,539
amplified sound,19,2024,2024,108500,69500,36.152,540
amplified sound,19,2024,2024,108500,69500,36.152,541
continuous pour and/or large crane,11,2024,2024,102385,103900,37.549,542
amplified sound,6,2024,2024,107355,50440,52.541,543
amplified sound,25,2024,2024,101485,47840,75.632,544
amplified sound,13,2024,2024,116930,59750,57.423,545
amplified sound,3,2024,2024,139920,71100,34.788,546
amplified sound,10,2024,2024,135400,78400,51.994,547
amplified sound,3,2024,2024,139920,71100,34.788,548
amplified sound,13,2024,2024,116930,59750,57.423,549
amplified sound,25,2024,2024,101485,47840,75.632,550
construction,6,2024,2024,107355,50440,52.541,551
continuous pour and/or large crane,11,2024,2025,102385,103900,37.549,552
amplified sound,20,2024,2024,110095,49160,61.361,553
amplified sound,10,2024,2024,135400,78400,51.994,554
amplified sound,13,2024,2024,116930,59750,57.423,555
amplified sound,18,2024,2024,117130,55050,71.041,556
amplified sound,9,2024,2024,104730,55550,33.625,557
amplified sound,10,2024,2024,135400,78400,51.994,558
continuous pour and/or large crane,21,2024,2024,111560,41560,74.422,559
amplified sound,9,2024,2024,104730,55550,33.625,560
continuous pour and/or large crane,11,2024,2024,102385,103900,37.549,561
continuous pour and/or large crane,20,2024,2024,110095,49160,61.361,562
amplified sound,11,2024,2024,102385,103900,37.549,563
amplified sound,10,2024,2024,135400,78400,51.994,564
continuous pour and/or large crane,11,2024,2024,102385,103900,37.549,565
amplified sound,18,2024,2024,117130,55050,71.041,566
amplified sound,25,2024,2024,101485,47840,75.632,567
amplified sound,10,2024,2024,135400,78400,51.994,568
amplified sound,10,2024,2024,135400,78400,51.994,569
amplified sound,11,2024,2024,102385,103900,37.549,570
construction,15,2024,2024,101025,113600,46.934,571
amplified sound,14,2024,2024,104555,70800,34.255,572
amplified sound,24,2024,2024,102755,41760,76.42,573
continuous pour and/or large crane,12,2024,2024,114095,96000,34.993,574
amplified sound,19,2024,2024,108500,69500,36.152,575
amplified sound,23,2024,2024,94025,38560,92.183,576
amplified sound,15,2024,2024,101025,113600,46.934,577
amplified sound,10,2024,2024,135400,78400,51.994,578
amplified sound,13,2024,2024,116930,59750,57.423,579
amplified sound,9,2024,2024,104730,55550,33.625,580
amplified sound,6,2024,2024,107355,50440,52.541,581
amplified sound,10,2024,2024,135400,78400,51.994,582
amplified sound,10,2024,2024,135400,78400,51.994,583
amplified sound,4,2024,2024,104715,72800,29.074,584
amplified sound,12,2024,2024,114095,96000,34.993,585
amplified sound,12,2024,2024,114095,96000,34.993,586
amplified sound,13,2024,2024,116930,59750,57.423,587
amplified sound,10,2024,2024,135400,78400,51.994,588
amplified sound,4,2024,2024,104715,72800,29.074,589
continuous pour and/or large crane,14,2024,2024,104555,70800,34.255,590
construction,17,2024,2024,112590,50880,74.492,591
continuous pour and/or large crane,2,2024,2024,117200,69200,31.749,592
amplified sound,10,2024,2024,135400,78400,51.994,593
amplified sound,13,2024,2024,116930,59750,57.423,594
amplified sound,6,2024,2024,107355,50440,52.541,595
amplified sound,23,2024,2024,94025,38560,92.183,596
amplified sound,25,2024,2024,101485,47840,75.632,597
continuous pour and/or large crane,11,2024,2024,102385,103900,37.549,598
continuous pour and/or large crane,11,2024,2024,102385,103900,37.549,599
amplified sound,10,2024,2024,135400,78400,51.994,600
amplified sound,16,2024,2024,94335,50680,63.1,601
amplified sound,12,2024,2024,114095,96000,34.993,602
continuous pour and/or large crane,3,2024,2024,139920,71100,34.788,603
continuous pour and/or large crane,11,2024,2024,102385,103900,37.549,604
amplified sound,21,2024,2024,111560,41560,74.422,605
amplified sound,15,2024,2024,101025,113600,46.934,606
amplified sound,6,2024,2024,107355,50440,52.541,607
amplified sound,2,2024,2024,117200,69200,31.749,608
amplified sound,14,2024,2024,104555,70800,34.255,609
amplified sound,21,2024,2024,111560,41560,74.422,610
amplified sound,10,2024,2024,135400,78400,51.994,611
construction,3,2024,2024,139920,71100,34.788,612
amplified sound,9,2024,2024,104730,55550,33.625,613
amplified sound,15,2024,2024,101025,113600,46.934,614
amplified sound,3,2024,2024,139920,71100,34.788,615
amplified sound,14,2024,2024,104555,70800,34.255,616
construction,12,2024,2024,114095,96000,34.993,617
amplified sound,13,2024,2024,116930,59750,57.423,618
amplified sound,21,2024,2024,111560,41560,74.422,619
amplified sound,11,2024,2024,102385,103900,37.549,620
amplified sound,18,2024,2024,117130,55050,71.041,621
amplified sound,6,2024,2024,107355,50440,52.541,622
continuous pour and/or large crane,19,2024,2024,108500,69500,36.152,623
continuous pour and/or large crane,13,2024,2024,116930,59750,57.423,624
amplified sound,13,2024,2024,116930,59750,57.423,625
amplified sound,18,2024,2024,117130,55050,71.041,626
amplified sound,6,2024,2024,107355,50440,52.541,627
amplified sound,20,2024,2024,110095,49160,61.361,628
amplified sound,6,2024,2024,107355,50440,52.541,629
amplified sound,14,2024,2024,104555,70800,34.255,630
amplified sound,18,2024,2024,117130,55050,71.041,631
amplified sound,10,2024,2024,135400,78400,51.994,632
amplified sound,9,2024,2024,104730,55550,33.625,633
amplified sound,5,2024,2024,115675,43360,58.025,634
amplified sound,9,2024,2024,104730,55550,33.625,635
amplified sound,23,2024,2024,94025,38560,92.183,636
amplified sound,10,2024,2024,135400,78400,51.994,637
amplified sound,5,2024,2024,115675,43360,58.025,638
amplified sound,10,2024,2024,135400,78400,51.994,639
amplified sound,23,2024,2024,94025,38560,92.183,640
amplified sound,2,2024,2024,117200,69200,31.749,641
amplified sound,6,2024,2024,107355,50440,52.541,642
amplified sound,6,2024,2024,107355,50440,52.541,643
amplified sound,10,2024,2024,135400,78400,51.994,644
amplified sound,10,2024,2024,135400,78400,51.994,645
amplified sound,4,2024,2024,104715,72800,29.074,646
amplified sound,8,2024,2024,114820,88500,36.81,647
amplified sound,10,2024,2024,135400,78400,51.994,648
amplified sound,6,2024,2024,107355,50440,52.541,649
continuous pour and/or large crane,11,2024,2024,102385,103900,37.549,650
amplified sound,13,2024,2024,116930,59750,57.423,651
amplified sound,21,2024,2024,111560,41560,74.422,652
amplified sound,18,2024,2024,117130,55050,71.041,653
amplified sound,15,2024,2024,101025,113600,46.934,654
amplified sound,10,2024,2024,135400,78400,51.994,655
amplified sound,17,2024,2024,112590,50880,74.492,656
amplified sound,10,2024,2024,135400,78400,51.994,657
amplified sound,10,2024,2024,135400,78400,51.994,658
construction,16,2024,2024,94335,50680,63.1,659
amplified sound,11,2024,2024,102385,103900,37.549,660
amplified sound,13,2024,2024,116930,59750,57.423,661
amplified sound,24,2024,2024,102755,41760,76.42,662
amplified sound,6,2024,2024,107355,50440,52.541,663
amplified sound,7,2024,2024,111200,37240,78.215,664
amplified sound,8,2024,2024,114820,88500,36.81,665
construction,10,2024,2024,135400,78400,51.994,666
construction,12,2024,2024,114095,96000,34.993,667
amplified sound,24,2024,2024,102755,41760,76.42,668
continuous pour and/or large crane,12,2024,2024,114095,96000,34.993,669
amplified sound,25,2024,2024,101485,47840,75.632,670
amplified sound,11,2024,2024,102385,103900,37.549,671
amplified sound,19,2024,2024,108500,69500,36.152,672
continuous pour and/or large crane,13,2024,2024,116930,59750,57.423,673
amplified sound,12,2024,2024,114095,96000,34.993,674
amplified sound,6,2024,2024,107355,50440,52.541,675
amplified sound,13,2024,2024,116930,59750,57.423,676
construction,10,2024,2024,135400,78400,51.994,677
continuous pour and/or large crane,22,2024,2024,103690,41560,82.313,678
amplified sound,12,2024,2024,114095,96000,34.993,679
construction,18,2024,2024,117130,55050,71.041,680
amplified sound,11,2024,2024,102385,103900,37.549,681
amplified sound,10,2024,2024,135400,78400,51.994,682
amplified sound,6,2024,2024,107355,50440,52.541,683
amplified sound,13,2024,2024,116930,59750,57.423,684
amplified sound,2,2024,2024,117200,69200,31.749,685
construction,13,2024,2024,116930,59750,57.423,686
amplified sound,10,2024,2024,135400,78400,51.994,687
other sound,4,2024,2024,104715,72800,29.074,688
amplified sound,11,2024,2024,102385,103900,37.549,689
amplified sound,19,2024,2024,108500,69500,36.152,690
continuous pour and/or large crane,2,2024,2024,117200,69200,31.749,691
construction,13,2024,2024,116930,59750,57.423,692
amplified sound,7,2024,2024,111200,37240,78.215,693
amplified sound,10,2024,2024,135400,78400,51.994,694
amplified sound,14,2024,2024,104555,70800,34.255,695
amplified sound,14,2024,2024,104555,70800,34.255,696
continuous pour and/or large crane,15,2024,2024,101025,113600,46.934,697
amplified sound,24,2024,2024,102755,41760,76.42,698
amplified sound,3,2024,2024,139920,71100,34.788,699
amplified sound,10,2024,2024,135400,78400,51.994,700
amplified sound,10,2024,2024,135400,78400,51.994,701
amplified sound,12,2024,2024,114095,96000,34.993,702
amplified sound,9,2024,2024,104730,55550,33.625,703
amplified sound,10,2024,2024,135400,78400,51.994,704
amplified sound,10,2024,2024,135400,78400,51.994,705
amplified sound,12,2024,2024,114095,96000,34.993,706
amplified sound,13,2024,2024,116930,59750,57.423,707
amplified sound,3,2024,2024,139920,71100,34.788,708
amplified sound,18,2024,2024,117130,55050,71.041,709
construction,15,2024,2024,101025,113600,46.934,710
amplified sound,9,2024,2024,104730,55550,33.625,711
amplified sound,24,2024,2024,102755,41760,76.42,712
amplified sound,13,2024,2024,116930,59750,57.423,713
amplified sound,10,2024,2024,135400,78400,51.994,714
amplified sound,9,2024,2024,104730,55550,33.625,715
continuous pour and/or large crane,9,2024,2024,104730,55550,33.625,716
amplified sound,11,2024,2024,102385,103900,37.549,717
continuous pour and/or large crane,11,2024,2024,102385,103900,37.549,718
amplified sound,10,2024,2024,135400,78400,51.994,719
amplified sound,6,2024,2024,107355,50440,52.541,720
amplified sound,12,2024,2024,114095,96000,34.993,721
continuous pour,12,2024,2024,114095,96000,34.993,722
amplified sound,13,2024,2024,116930,59750,57.423,723
amplified sound,15,2024,2024,101025,113600,46.934,724
amplified sound,3,2024,2024,139920,71100,34.788,725
amplified sound,12,2024,2024,114095,96000,34.993,726
construction,12,2024,2024,114095,96000,34.993,727
amplified sound,23,2024,2024,94025,38560,92.183,728
amplified sound,2,2024,2024,117200,69200,31.749,729
construction,12,2024,2024,114095,96000,34.993,730
construction,17,2024,2024,112590,50880,74.492,731
continuous pour and/or large crane,12,2024,2024,114095,96000,34.993,732
construction,3,2024,2024,139920,71100,34.788,733
construction,13,2024,2024,116930,59750,57.423,734
amplified sound,9,2024,2024,104730,55550,33.625,735
amplified sound,18,2024,2024,117130,55050,71.041,736
amplified sound,2,2024,2024,117200,69200,31.749,737
amplified sound,13,2024,2024,116930,59750,57.423,738
amplified sound,24,2024,2024,102755,41760,76.42,739
construction,12,2024,2024,114095,96000,34.993,740
amplified sound,10,2024,2024,135400,78400,51.994,741
amplified sound,10,2024,2024,135400,78400,51.994,742
amplified sound,11,2024,2024,102385,103900,37.549,743
amplified sound,4,2024,2024,104715,72800,29.074,744
amplified sound,8,2024,2024,114820,88500,36.81,745
amplified sound,10,2024,2024,135400,78400,51.994,746
amplified sound,18,2024,2024,117130,55050,71.041,747
construction,23,2024,2024,94025,38560,92.183,748
amplified sound,9,2024,2024,104730,55550,33.625,749
amplified sound,10,2024,2024,135400,78400,51.994,750
amplified sound,21,2024,2024,111560,41560,74.422,751
amplified sound,8,2024,2024,114820,88500,36.81,752
continuous pour and/or large crane,11,2024,2024,102385,103900,37.549,753
amplified sound,7,2024,2024,111200,37240,78.215,754
amplified sound,19,2024,2024,108500,69500,36.152,755
amplified sound,10,2024,2024,135400,78400,51.994,756
amplified sound,20,2024,2024,110095,49160,61.361,757
amplified sound,10,2024,2024,135400,78400,51.994,758
amplified sound,10,2024,2024,135400,78400,51.994,759
amplified sound,10,2024,2024,135400,78400,51.994,760
amplified sound,20,2024,2024,110095,49160,61.361,761
amplified sound,10,2024,2024,135400,78400,51.994,762
amplified sound,20,2024,2024,110095,49160,61.361,763
amplified sound,5,2024,2024,115675,43360,58.025,764
amplified sound,19,2024,2024,108500,69500,36.152,765
amplified sound,15,2024,2024,101025,113600,46.934,766
construction,16,2024,2024,94335,50680,63.1,767
amplified sound,18,2024,2024,117130,55050,71.041,768
amplified sound,21,2024,2024,111560,41560,74.422,769
amplified sound,10,2024,2024,135400,78400,51.994,770
amplified sound,21,2024,2024,111560,41560,74.422,771
continuous pour,1,2024,2024,115120,39760,78.292,772
amplified sound,10,2024,2024,135400,78400,51.994,773
amplified sound,12,2024,2024,114095,96000,34.993,774
amplified sound,10,2024,2024,135400,78400,51.994,775
amplified sound,24,2024,2024,102755,41760,76.42,776
continuous pour and/or large crane,14,2024,2024,104555,70800,34.255,777
amplified sound,14,2024,2024,104555,70800,34.255,778
amplified sound,10,2024,2024,135400,78400,51.994,779
amplified sound,11,2024,2024,102385,103900,37.549,780
amplified sound,21,2024,2024,111560,41560,74.422,781
amplified sound,19,2024,2024,108500,69500,36.152,782
amplified sound,19,2024,2024,108500,69500,36.152,783
continuous pour and/or large crane,13,2024,2024,116930,59750,57.423,784
amplified sound,5,2024,2024,115675,43360,58.025,785
amplified sound,10,2024,2024,135400,78400,51.994,786
amplified sound,3,2024,2024,139920,71100,34.788,787
amplified sound,19,2024,2024,108500,69500,36.152,788
amplified sound,17,2024,2024,112590,50880,74.492,789
amplified sound,10,2024,2024,135400,78400,51.994,790
amplified sound,10,2024,2024,135400,78400,51.994,791
amplified sound,21,2024,2024,111560,41560,74.422,792
amplified sound,10,2024,2024,135400,78400,51.994,793
amplified sound,10,2024,2024,135400,78400,51.994,794
amplified sound,8,2024,2024,114820,88500,36.81,795
amplified sound,11,2024,2024,102385,103900,37.549,796
amplified sound,6,2024,2024,107355,50440,52.541,797
amplified sound,2,2024,2024,117200,69200,31.749,798
construction,12,2024,2024,114095,96000,34.993,799
amplified sound,4,2024,2024,104715,72800,29.074,800
amplified sound,15,2024,2024,101025,113600,46.934,801
amplified sound,25,2024,2024,101485,47840,75.632,802
amplified sound,16,2024,2024,94335,50680,63.1,803
amplified sound,5,2024,2024,115675,43360,58.025,804
amplified sound,10,2024,2024,135400,78400,51.994,805
amplified sound,3,2024,2024,139920,71100,34.788,806
amplified sound,19,2024,2024,108500,69500,36.152,807
amplified sound,10,2024,2024,135400,78400,51.994,808
amplified sound,10,2024,2024,135400,78400,51.994,809
amplified sound,2,2024,2024,117200,69200,31.749,810
construction,11,2024,2024,102385,103900,37.549,811
construction,12,2024,2024,114095,96000,34.993,812
construction,15,2024,2024,101025,113600,46.934,813
amplified sound,21,2024,2024,111560,41560,74.422,814
amplified sound,23,2024,2024,94025,38560,92.183,815
amplified sound,10,2024,2024,135400,78400,51.994,816
amplified sound,24,2024,2024,102755,41760,76.42,817
amplified sound,2,2024,2024,117200,69200,31.749,818
construction,11,2024,2024,102385,103900,37.549,819
amplified sound,12,2024,2024,114095,96000,34.993,820
amplified sound,10,2024,2024,135400,78400,51.994,821
amplified sound,10,2024,2024,135400,78400,51.994,822
amplified sound,11,2024,2024,102385,103900,37.549,823
amplified sound,4,2024,2024,104715,72800,29.074,824
amplified sound,11,2024,2024,102385,103900,37.549,825
amplified sound,10,2024,2024,135400,78400,51.994,826
amplified sound,24,2024,2024,102755,41760,76.42,827
amplified sound,21,2024,2024,111560,41560,74.422,828
amplified sound,9,2024,2024,104730,55550,33.625,829
amplified sound,15,2024,2024,101025,113600,46.934,830
amplified sound,7,2024,2024,111200,37240,78.215,831
amplified sound,13,2024,2024,116930,59750,57.423,832
construction,22,2024,2024,103690,41560,82.313,833
amplified sound,17,2024,2024,112590,50880,74.492,834
construction,3,2024,2024,139920,71100,34.788,835
continuous pour,12,2024,2024,114095,96000,34.993,836
amplified sound,15,2024,2024,101025,113600,46.934,837
amplified sound,16,2024,2024,94335,50680,63.1,838
continuous pour,4,2024,2024,104715,72800,29.074,839
amplified sound,1,2024,2024,115120,39760,78.292,840
amplified sound,25,2024,2024,101485,47840,75.632,841
amplified sound,1,2024,2024,115120,39760,78.292,842
amplified sound,1,2024,2024,115120,39760,78.292,843
large crane,11,2024,2024,102385,103900,37.549,844
amplified sound,5,2024,2024,115675,43360,58.025,845
amplified sound,3,2024,2024,139920,71100,34.788,846
amplified sound,15,2024,2024,101025,113600,46.934,847
amplified sound,14,2024,2024,104555,70800,34.255,848
amplified sound,24,2024,2024,102755,41760,76.42,849
amplified sound,10,2024,2024,135400,78400,51.994,850
construction,11,2024,2024,102385,103900,37.549,851
amplified sound,3,2024,2024,139920,71100,34.788,852
amplified sound,10,2024,2024,135400,78400,51.994,853
amplified sound,18,2024,2024,117130,55050,71.041,854
amplified sound,21,2024,2024,111560,41560,74.422,855
amplified sound,13,2024,2024,116930,59750,57.423,856
amplified sound,11,2024,2024,102385,103900,37.549,857
amplified sound,2,2024,2024,117200,69200,31.749,858
construction,11,2024,2024,102385,103900,37.549,859
amplified sound,11,2024,2024,102385,103900,37.549,860
amplified sound,9,2024,2024,104730,55550,33.625,861
amplified sound,19,2024,2024,108500,69500,36.152,862
amplified sound,10,2024,2024,135400,78400,51.994,863
amplified sound,18,2024,2024,117130,55050,71.041,864
construction,16,2024,2024,94335,50680,63.1,865
amplified sound,9,2024,2024,104730,55550,33.625,866
amplified sound,10,2024,2024,135400,78400,51.994,867
amplified sound,3,2024,2024,139920,71100,34.788,868
amplified sound,9,2024,2024,104730,55550,33.625,869
amplified sound,13,2024,2024,116930,59750,57.423,870
amplified sound,24,2024,2024,102755,41760,76.42,871
amplified sound,2,2024,2024,117200,69200,31.749,872
amplified sound,22,2024,2024,103690,41560,82.313,873
amplified sound,10,2024,2024,135400,78400,51.994,874
amplified sound,18,2024,2024,117130,55050,71.041,875
amplified sound,10,2024,2024,135400,78400,51.994,876
amplified sound,11,2024,2024,102385,103900,37.549,877
amplified sound,11,2024,2024,102385,103900,37.549,878
amplified sound,21,2024,2024,111560,41560,74.422,879
amplified sound,7,2024,2024,111200,37240,78.215,880
amplified sound,10,2024,2024,135400,78400,51.994,881
amplified sound,5,2024,2024,115675,43360,58.025,882
amplified sound,10,2024,2024,135400,78400,51.994,883
amplified sound,3,2024,2024,139920,71100,34.788,884
construction,19,2024,2024,108500,69500,36.152,885
amplified sound,10,2024,2024,135400,78400,51.994,886
amplified sound,14,2024,2024,104555,70800,34.255,887
amplified sound,20,2024,2024,110095,49160,61.361,888
amplified sound,23,2024,2024,94025,38560,92.183,889
large crane,11,2024,2024,102385,103900,37.549,890
amplified sound,10,2024,2024,135400,78400,51.994,891
amplified sound,10,2024,2024,135400,78400,51.994,892
amplified sound,18,2024,2024,117130,55050,71.041,893
continuous pour,12,2024,2025,114095,96000,34.993,894
amplified sound,13,2024,2024,116930,59750,57.423,895
amplified sound,12,2024,2024,114095,96000,34.993,896
amplified sound,8,2024,2024,114820,88500,36.81,897
amplified sound,10,2024,2024,135400,78400,51.994,898
amplified sound,10,2024,2024,135400,78400,51.994,899
amplified sound,18,2024,2024,117130,55050,71.041,900
amplified sound,4,2024,2024,104715,72800,29.074,901
continuous pour,9,2024,2024,104730,55550,33.625,902
construction,9,2024,2024,104730,55550,33.625,903
amplified sound,11,2024,2024,102385,103900,37.549,904
amplified sound,10,2024,2024,135400,78400,51.994,905
amplified sound,9,2024,2024,104730,55550,33.625,906
amplified sound,14,2024,2024,104555,70800,34.255,907
amplified sound,9,2024,2024,104730,55550,33.625,908
amplified sound,3,2024,2024,139920,71100,34.788,909
amplified sound,13,2024,2024,116930,59750,57.423,910
amplified sound,16,2024,2024,94335,50680,63.1,911
amplified sound,10,2024,2024,135400,78400,51.994,912
construction,17,2024,2024,112590,50880,74.492,913
amplified sound,11,2024,2024,102385,103900,37.549,914
amplified sound,9,2024,2024,104730,55550,33.625,915
amplified sound,23,2024,2024,94025,38560,92.183,916
amplified sound,17,2024,2024,112590,50880,74.492,917
amplified sound,19,2024,2024,108500,69500,36.152,918
amplified sound,6,2024,2024,107355,50440,52.541,919
amplified sound,9,2024,2024,104730,55550,33.625,920
amplified sound,3,2024,2024,139920,71100,34.788,921
amplified sound,19,2024,2024,108500,69500,36.152,922
amplified sound,17,2024,2024,112590,50880,74.492,923
amplified sound,18,2024,2024,117130,55050,71.041,924
amplified sound,10,2024,2024,135400,78400,51.994,925
construction,19,2023,2024,108500,69500,36.152,926
large crane,13,2024,2024,116930,59750,57.423,927
amplified sound,19,2024,2024,108500,69500,36.152,928
continuous pour,2,2024,2024,117200,69200,31.749,929
amplified sound,4,2024,2024,104715,72800,29.074,930
amplified sound,24,2024,2024,102755,41760,76.42,931
amplified sound,24,2024,2024,102755,41760,76.42,932
construction,11,2024,2024,102385,103900,37.549,933
amplified sound,13,2024,2024,116930,59750,57.423,934
amplified sound,7,2024,2024,111200,37240,78.215,935
amplified sound,18,2024,2024,117130,55050,71.041,936
amplified sound,3,2024,2024,139920,71100,34.788,937
amplified sound,3,2024,2024,139920,71100,34.788,938
amplified sound,10,2024,2024,135400,78400,51.994,939
construction,3,2024,2024,139920,71100,34.788,940
amplified sound,10,2024,2024,135400,78400,51.994,941
amplified sound,22,2024,2024,103690,41560,82.313,942
amplified sound,9,2024,2024,104730,55550,33.625,943
amplified sound,9,2024,2024,104730,55550,33.625,944
continuous pour,10,2024,2025,135400,78400,51.994,945
amplified sound,9,2024,2024,104730,55550,33.625,946
amplified sound,13,2024,2024,116930,59750,57.423,947
amplified sound,3,2024,2024,139920,71100,34.788,948
amplified sound,23,2024,2024,94025,38560,92.183,949
amplified sound,3,2024,2024,139920,71100,34.788,950
amplified sound,10,2024,2024,135400,78400,51.994,951
amplified sound,4,2024,2024,104715,72800,29.074,952
construction,4,2024,2024,104715,72800,29.074,953
amplified sound,10,2024,2024,135400,78400,51.994,954
amplified sound,14,2024,2024,104555,70800,34.255,955
amplified sound,25,2024,2024,101485,47840,75.632,956
continuous pour,12,2024,2024,114095,96000,34.993,957
continuous pour,18,2024,2024,117130,55050,71.041,958
amplified sound,23,2024,2024,94025,38560,92.183,959
amplified sound,4,2024,2024,104715,72800,29.074,960
amplified sound,20,2024,2024,110095,49160,61.361,961
amplified sound,16,2024,2024,94335,50680,63.1,962
amplified sound,4,2024,2024,104715,72800,29.074,963
amplified sound,13,2024,2024,116930,59750,57.423,964
amplified sound,10,2024,2024,135400,78400,51.994,965
continuous pour,11,2024,2024,102385,103900,37.549,966
construction,19,2024,2024,108500,69500,36.152,967
amplified sound,15,2024,2024,101025,113600,46.934,968
amplified sound,3,2024,2024,139920,71100,34.788,969
amplified sound,9,2024,2024,104730,55550,33.625,970
amplified sound,6,2024,2024,107355,50440,52.541,971
amplified sound,7,2024,2024,111200,37240,78.215,972
amplified sound,2,2024,2024,117200,69200,31.749,973
amplified sound,5,2024,2024,115675,43360,58.025,974
amplified sound,10,2024,2024,135400,78400,51.994,975
amplified sound,15,2024,2024,101025,113600,46.934,976
amplified sound,19,2024,2024,108500,69500,36.152,977
amplified sound,21,2024,2024,111560,41560,74.422,978
amplified sound,1,2024,2024,115120,39760,78.292,979
amplified sound,10,2024,2024,135400,78400,51.994,980
construction,8,2024,2024,114820,88500,36.81,981
construction,9,2024,2024,104730,55550,33.625,982
amplified sound,7,2024,2024,111200,37240,78.215,983
amplified sound,21,2024,2024,111560,41560,74.422,984
amplified sound,13,2024,2024,116930,59750,57.423,985
amplified sound,7,2024,2024,111200,37240,78.215,986
amplified sound,23,2024,2024,94025,38560,92.183,987
amplified sound,13,2024,2024,116930,59750,57.423,988
amplified sound,4,2024,2024,104715,72800,29.074,989
amplified sound,11,2024,2024,102385,103900,37.549,990
amplified sound,14,2024,2025,104555,70800,34.255,991
amplified sound,7,2024,2024,111200,37240,78.215,992
amplified sound,10,2024,2024,135400,78400,51.994,993
amplified sound,6,2024,2024,107355,50440,52.541,994
amplified sound,19,2024,2024,108500,69500,36.152,995
amplified sound,10,2024,2024,135400,78400,51.994,996
amplified sound,20,2024,2024,110095,49160,61.361,997
amplified sound,14,2024,2024,104555,70800,34.255,998
amplified sound,13,2024,2024,116930,59750,57.423,999
continuous pour,12,2024,2024,114095,96000,34.993,1000
amplified sound,13,2024,2024,116930,59750,57.423,1001
amplified sound,10,2024,2024,135400,78400,51.994,1002
amplified sound,10,2024,2024,135400,78400,51.994,1003
amplified sound,10,2024,2024,135400,78400,51.994,1004
amplified sound,23,2024,2024,94025,38560,92.183,1005
amplified sound,10,2024,2024,135400,78400,51.994,1006
amplified sound,10,2024,2024,135400,78400,51.994,1007
amplified sound,14,2024,2024,104555,70800,34.255,1008
construction,9,2024,2024,104730,55550,33.625,1009
amplified sound,25,2024,2024,101485,47840,75.632,1010
amplified sound,2,2024,2024,117200,69200,31.749,1011
large crane,11,2024,2024,102385,103900,37.549,1012
amplified sound,1,2024,2024,115120,39760,78.292,1013
amplified sound,7,2024,2024,111200,37240,78.215,1014
amplified sound,10,2024,2024,135400,78400,51.994,1015
amplified sound,21,2024,2024,111560,41560,74.422,1016
continuous pour,10,2024,2024,135400,78400,51.994,1017
construction,17,2024,2024,112590,50880,74.492,1018
amplified sound,23,2024,2024,94025,38560,92.183,1019
amplified sound,10,2024,2024,135400,78400,51.994,1020
amplified sound,3,2024,2024,139920,71100,34.788,1021
continuous pour,18,2024,2025,117130,55050,71.041,1022
amplified sound,10,2024,2024,135400,78400,51.994,1023
construction,6,2024,2024,107355,50440,52.541,1024
amplified sound,10,2024,2024,135400,78400,51.994,1025
amplified sound,13,2024,2024,116930,59750,57.423,1026
amplified sound,15,2024,2024,101025,113600,46.934,1027
amplified sound,11,2024,2024,102385,103900,37.549,1028
amplified sound,20,2024,2024,110095,49160,61.361,1029
amplified sound,9,2024,2024,104730,55550,33.625,1030
amplified sound,10,2024,2024,135400,78400,51.994,1031
amplified sound,21,2024,2024,111560,41560,74.422,1032
continuous pour,8,2024,2024,114820,88500,36.81,1033
amplified sound,25,2024,2024,101485,47840,75.632,1034
amplified sound,10,2024,2024,135400,78400,51.994,1035
amplified sound,5,2024,2024,115675,43360,58.025,1036
amplified sound,10,2024,2024,135400,78400,51.994,1037
amplified sound,11,2024,2024,102385,103900,37.549,1038
amplified sound,6,2024,2024,107355,50440,52.541,1039
amplified sound,10,2024,2024,135400,78400,51.994,1040
amplified sound,17,2024,2024,112590,50880,74.492,1041
amplified sound,10,2024,2024,135400,78400,51.994,1042
amplified sound,3,2024,2024,139920,71100,34.788,1043
amplified sound,13,2024,2024,116930,59750,57.423,1044
amplified sound,23,2024,2024,94025,38560,92.183,1045
amplified sound,20,2024,2024,110095,49160,61.361,1046
amplified sound,4,2024,2024,104715,72800,29.074,1047
amplified sound,10,2024,2024,135400,78400,51.994,1048
continuous pour,12,2024,2024,114095,96000,34.993,1049
amplified sound,15,2024,2024,101025,113600,46.934,1050
large crane,11,2024,2024,102385,103900,37.549,1051
large crane,11,2024,2024,102385,103900,37.549,1052
amplified sound,2,2024,2024,117200,69200,31.749,1053
amplified sound,10,2024,2024,135400,78400,51.994,1054
construction,11,2024,2024,102385,103900,37.549,1055
large crane,25,2024,2024,101485,47840,75.632,1056
amplified sound,14,2024,2024,104555,70800,34.255,1057
amplified sound,21,2024,2024,111560,41560,74.422,1058
amplified sound,6,2024,2024,107355,50440,52.541,1059
amplified sound,19,2024,2024,108500,69500,36.152,1060
amplified sound,11,2024,2024,102385,103900,37.549,1061
amplified sound,8,2024,2024,114820,88500,36.81,1062
amplified sound,7,2024,2024,111200,37240,78.215,1063
continuous pour,15,2024,2024,101025,113600,46.934,1064
construction,3,2024,2024,139920,71100,34.788,1065
continuous pour,13,2024,2025,116930,59750,57.423,1066
amplified sound,21,2024,2024,111560,41560,74.422,1067
amplified sound,19,2024,2024,108500,69500,36.152,1068
amplified sound,23,2024,2024,94025,38560,92.183,1069
amplified sound,10,2024,2024,135400,78400,51.994,1070
large crane,18,2024,2024,117130,55050,71.041,1071
construction,19,2024,2025,108500,69500,36.152,1072
amplified sound,9,2024,2024,104730,55550,33.625,1073
amplified sound,11,2024,2024,102385,103900,37.549,1074
amplified sound,4,2024,2024,104715,72800,29.074,1075
amplified sound,17,2024,2024,112590,50880,74.492,1076
amplified sound,15,2024,2024,101025,113600,46.934,1077
amplified sound,14,2024,2024,104555,70800,34.255,1078
amplified sound,23,2024,2024,94025,38560,92.183,1079
amplified sound,10,2024,2024,135400,78400,51.994,1080
amplified sound,11,2024,2024,102385,103900,37.549,1081
amplified sound,10,2024,2024,135400,78400,51.994,1082
amplified sound,18,2024,2024,117130,55050,71.041,1083
construction,8,2024,2024,114820,88500,36.81,1084
amplified sound,19,2024,2024,108500,69500,36.152,1085
construction,3,2024,2025,139920,71100,34.788,1086
construction,11,2024,2024,102385,103900,37.549,1087
amplified sound,21,2024,2024,111560,41560,74.422,1088
amplified sound,21,2024,2024,111560,41560,74.422,1089
amplified sound,10,2024,2024,135400,78400,51.994,1090
amplified sound,11,2024,2024,102385,103900,37.549,1091
amplified sound,12,2024,2024,114095,96000,34.993,1092
amplified sound,13,2024,2024,116930,59750,57.423,1093
amplified sound,10,2024,2024,135400,78400,51.994,1094
amplified sound,3,2024,2024,139920,71100,34.788,1095
amplified sound,10,2024,2024,135400,78400,51.994,1096
amplified sound,19,2024,2024,108500,69500,36.152,1097
amplified sound,4,2024,2024,104715,72800,29.074,1098
amplified sound,21,2024,2024,111560,41560,74.422,1099
amplified sound,18,2024,2024,117130,55050,71.041,1100
amplified sound,10,2024,2024,135400,78400,51.994,1101
amplified sound,10,2024,2024,135400,78400,51.994,1102
amplified sound,7,2024,2024,111200,37240,78.215,1103
amplified sound,8,2024,2024,114820,88500,36.81,1104
amplified sound,4,2024,2024,104715,72800,29.074,1105
amplified sound,14,2024,2024,104555,70800,34.255,1106
amplified sound,6,2024,2024,107355,50440,52.541,1107
construction,12,2024,2024,114095,96000,34.993,1108
amplified sound,12,2024,2024,114095,96000,34.993,1109
construction,12,2024,2024,114095,96000,34.993,1110
continuous pour,3,2024,2025,139920,71100,34.788,1111
amplified sound,9,2024,2024,104730,55550,33.625,1112
amplified sound,10,2024,2024,135400,78400,51.994,1113
large crane,14,2024,2024,104555,70800,34.255,1114
amplified sound,19,2024,2024,108500,69500,36.152,1115
amplified sound,25,2024,2024,101485,47840,75.632,1116
amplified sound,4,2024,2024,104715,72800,29.074,1117
amplified sound,10,2024,2024,135400,78400,51.994,1118
large crane,12,2024,2024,114095,96000,34.993,1119
amplified sound,24,2024,2024,102755,41760,76.42,1120
amplified sound,11,2024,2024,102385,103900,37.549,1121
amplified sound,10,2024,2024,135400,78400,51.994,1122
amplified sound,13,2024,2024,116930,59750,57.423,1123
construction,1,2024,2024,115120,39760,78.292,1124
amplified sound,10,2024,2024,135400,78400,51.994,1125
amplified sound,6,2024,2024,107355,50440,52.541,1126
amplified sound,20,2024,2024,110095,49160,61.361,1127
amplified sound,16,2024,2024,94335,50680,63.1,1128
amplified sound,25,2024,2024,101485,47840,75.632,1129
amplified sound,16,2024,2024,94335,50680,63.1,1130
amplified sound,12,2024,2024,114095,96000,34.993,1131
amplified sound,23,2024,2024,94025,38560,92.183,1132
amplified sound,12,2024,2024,114095,96000,34.993,1133
amplified sound,11,2024,2024,102385,103900,37.549,1134
amplified sound,25,2024,2024,101485,47840,75.632,1135
amplified sound,21,2024,2024,111560,41560,74.422,1136
amplified sound,21,2024,2024,111560,41560,74.422,1137
amplified sound,6,2024,2024,107355,50440,52.541,1138
amplified sound,21,2024,2024,111560,41560,74.422,1139
continuous pour,22,2024,2024,103690,41560,82.313,1140
amplified sound,4,2024,2024,104715,72800,29.074,1141
amplified sound,19,2024,2024,108500,69500,36.152,1142
other sound,11,2024,2024,102385,103900,37.549,1143
continuous pour,13,2024,2024,116930,59750,57.423,1144
amplified sound,12,2024,2024,114095,96000,34.993,1145
construction,10,2024,2025,135400,78400,51.994,1146
construction,9,2024,2024,104730,55550,33.625,1147
amplified sound,11,2024,2024,102385,103900,37.549,1148
amplified sound,11,2024,2024,102385,103900,37.549,1149
continuous pour,17,2024,2024,112590,50880,74.492,1150
amplified sound,23,2024,2024,94025,38560,92.183,1151
construction,11,2024,2025,102385,103900,37.549,1152
amplified sound,4,2024,2024,104715,72800,29.074,1153
amplified sound,10,2024,2024,135400,78400,51.994,1154
construction,9,2024,2024,104730,55550,33.625,1155
amplified sound,6,2024,2024,107355,50440,52.541,1156
amplified sound,15,2024,2024,101025,113600,46.934,1157
amplified sound,11,2024,2024,102385,103900,37.549,1158
amplified sound,10,2024,2024,135400,78400,51.994,1159
amplified sound,24,2024,2024,102755,41760,76.42,1160
amplified sound,1,2024,2024,115120,39760,78.292,1161
construction,22,2024,2024,103690,41560,82.313,1162
amplified sound,10,2024,2024,135400,78400,51.994,1163
amplified sound,11,2024,2024,102385,103900,37.549,1164
construction,12,2024,2025,114095,96000,34.993,1165
amplified sound,10,2024,2024,135400,78400,51.994,1166
amplified sound,10,2024,2024,135400,78400,51.994,1167
amplified sound,10,2024,2024,135400,78400,51.994,1168
amplified sound,14,2024,2024,104555,70800,34.255,1169
amplified sound,23,2024,2024,94025,38560,92.183,1170
amplified sound,19,2024,2024,108500,69500,36.152,1171
amplified sound,23,2024,2024,94025,38560,92.183,1172
amplified sound,1,2024,2024,115120,39760,78.292,1173
amplified sound,13,2024,2024,116930,59750,57.423,1174
amplified sound,13,2024,2024,116930,59750,57.423,1175
continuous pour,12,2024,2025,114095,96000,34.993,1176
amplified sound,2,2024,2024,117200,69200,31.749,1177
amplified sound,25,2024,2024,101485,47840,75.632,1178
amplified sound,19,2024,2024,108500,69500,36.152,1179
large crane,15,2024,2024,101025,113600,46.934,1180
amplified sound (level 1),4,2024,2024,104715,72800,29.074,1181
amplified sound (level 2),13,2024,2024,116930,59750,57.423,1182
amplified sound (level 3),13,2024,2024,116930,59750,57.423,1183
amplified sound,18,2024,2024,117130,55050,71.041,1184
amplified sound,4,2024,2024,104715,72800,29.074,1185
amplified sound,10,2024,2024,135400,78400,51.994,1186
amplified sound,3,2024,2024,139920,71100,34.788,1187
construction,11,2024,2024,102385,103900,37.549,1188
amplified sound,10,2024,2024,135400,78400,51.994,1189
amplified sound,6,2024,2024,107355,50440,52.541,1190
amplified sound,13,2024,2024,116930,59750,57.423,1191
amplified sound (level 1),10,2024,2024,135400,78400,51.994,1192
amplified sound (level 1),11,2024,2024,102385,103900,37.549,1193
amplified sound,4,2024,2024,104715,72800,29.074,1194
amplified sound (level 2),13,2024,2024,116930,59750,57.423,1195
amplified sound (level 1),10,2024,2024,135400,78400,51.994,1196
amplified sound (level 1),8,2024,2024,114820,88500,36.81,1197
amplified sound (level 3),9,2024,2024,104730,55550,33.625,1198
continuous pour,11,2024,2025,102385,103900,37.549,1199
amplified sound (level 1),8,2024,2024,114820,88500,36.81,1200
amplified sound,13,2024,2024,116930,59750,57.423,1201
continuous pour,13,2024,2025,116930,59750,57.423,1202
amplified sound,15,2024,2024,101025,113600,46.934,1203
construction,12,2024,2025,114095,96000,34.993,1204
amplified sound,10,2024,2024,135400,78400,51.994,1205
amplified sound,8,2024,2024,114820,88500,36.81,1206
amplified sound (level 1),6,2024,2024,107355,50440,52.541,1207
amplified sound (level 1),10,2024,2024,135400,78400,51.994,1208
amplified sound (level 1),10,2024,2024,135400,78400,51.994,1209
amplified sound (level 1),8,2024,2024,114820,88500,36.81,1210
amplified sound (level 1),25,2024,2024,101485,47840,75.632,1211
amplified sound (level 3),9,2024,2024,104730,55550,33.625,1212
amplified sound (level 1),21,2024,2024,111560,41560,74.422,1213
amplified sound (level 1),3,2024,2024,139920,71100,34.788,1214
amplified sound (level 1),12,2024,2024,114095,96000,34.993,1215
amplified sound (level 1),24,2024,2024,102755,41760,76.42,1216
continuous pour,13,2024,2025,116930,59750,57.423,1217
other sound (level 2),10,2024,2024,135400,78400,51.994,1218
amplified sound (level 1),20,2024,2024,110095,49160,61.361,1219
amplified sound (level 1),14,2024,2024,104555,70800,34.255,1220
amplified sound (level 1),2,2024,2024,117200,69200,31.749,1221
amplified sound (level 1),25,2024,2024,101485,47840,75.632,1222
large crane,9,2024,2024,104730,55550,33.625,1223
amplified sound (level 1),13,2024,2024,116930,59750,57.423,1224
amplified sound (level 1),15,2024,2024,101025,113600,46.934,1225
amplified sound (level 2),1,2024,2024,115120,39760,78.292,1226
amplified sound (level 1),17,2024,2024,112590,50880,74.492,1227
amplified sound (level 1),9,2024,2024,104730,55550,33.625,1228
amplified sound (level 1),1,2024,2024,115120,39760,78.292,1229
amplified sound (level 1),3,2024,2024,139920,71100,34.788,1230
amplified sound (level 1),4,2024,2024,104715,72800,29.074,1231
continuous pour,4,2024,2025,104715,72800,29.074,1232
amplified sound (level 2),10,2024,2024,135400,78400,51.994,1233
large crane,19,2024,2024,108500,69500,36.152,1234
amplified sound (level 1),12,2024,2024,114095,96000,34.993,1235
amplified sound (level 1),14,2024,2024,104555,70800,34.255,1236
amplified sound (level 3),16,2024,2024,94335,50680,63.1,1237
amplified sound (level 1),15,2024,2024,101025,113600,46.934,1238
amplified sound,10,2024,2024,135400,78400,51.994,1239
